Date,Time,Author,Note
03/13/25,04:45:53 PM,Anon,"Me myself and I. Wow, first note there buddy."
03/13/25,04:45:15 PM,silvernuke,Second note buddy. This is just masssive testing though.
03/13/25,04:51:01 PM,Anon,Fuck em raw
03/13/25,04:53:17 PM,Anon,Yessierrrrrrrr
03/13/25,04:57:41 PM,Anon,"Actually, I'm just fooling around here, so no, I think"
03/13/25,05:00:52 PM,Anon,yada yada yada
03/13/25,05:02:23 PM,Anon,"fuck em raw, fuck em hard"
03/13/25,05:03:51 PM,silvernuke,Cumulative distribution function
03/13/25,05:23:33 PM,Silvernuke,"I just finished the note system, good luck next soldier"
03/14/25,12:51:10 AM,Anon,"I am so tired of being unappreciated in this little shit. I work and work and work and all I get is a stern congratulations and a 'meh' while I place effort on the things I want to place effort in. This is bullshit, this is so fucking bull."
03/14/25,01:25:28 AM,Anon,Bruh bruh bruh what the sigma?
03/14/25,01:30:00 AM,Silvernuke,"This functionality is just about done. Good luck to whoever is gonna read this in some faraway time. I envy you, for you did not have to work through a couple weeks to make a functional operating system whos sole purpose is to record tambay hours. Such advancement is lost on me, but here we are. To whoever is my successor, good luck,  and take care."
03/14/25,09:27:13 AM,Silver,"About to start the JL demands, wish me luck"
03/14/25,09:28:36 AM,Silver,"Yknow, this very much can be a good diary or journal entry, which is insane. Eitherway, it's pretty cool"
03/14/25,09:30:32 AM,Anon,"I wonder if I can add ""double quotes"" in here"
03/14/25,09:32:32 AM,Anon,"KAS class is pretty boring, and this has become a whatchamacallit. So, quite indeed, quite indeed"
03/14/25,10:18:04 AM,Anon,Yooooo!
03/16/25,11:10:48 PM,Silvernuke,"So here we are again. What a day, huh?"
03/17/25,03:20:03 AM,Vercil,"I talked with two distinct girls tonight, on two different platforms. One was feisty and complained about her current arrangement with a guy, I had fun with her and her discussions of 40 minute blowjobs and tongue techniques, she was 18 too. Ripe for the picking. Talked to her for more than enough hours to know everything I could, she's from Lipa, Batangas and studies in DLSL. Wild girl, made me crave sex.\n   The second one was a girl in Cavite that studies in NU, 22 years old, her last partner broke up with her because he was avoidant. I wonder where I heard that before huh, HAHAHAHAH. But yeah. 3 months broken up, she said she's looking for new partners, and she was pragmatic and petite. She's an anstrology girl, told me about venus retrograde and the like, about the secure, anxious, and avoidant personality types. She studies computer science (wow, a girl in computer science, rare pull), interesting talks and exchange of ideas. It was... wonderful.\n I'm writing so I don't forget. So that I remember what this night for me was, where I talked to two different girls and their perspectives, and wallowed in their digital company. It was lovely."
03/17/25,03:21:51 AM,Silver,"Perhaps, one day, I will find love where I feel secure and no longer have to feel alone every time. To go home and to feel love from a woman you crave for, to wallow in their embrace, to shower in their kiss, to lay on their bossoms. That is the dream, is it not."
03/17/25,07:59:03 PM,Anon,"It's Shane's birthday today, he treated us with 24 chicken. Well, serves right, I guess. BUt hey, he's genuinely trying to be a good guy, I can feel that, he's just a fucking ass sometimes. "
03/18/25,11:04:04 AM,Anon,I'm really really really starting to hate theory. Statistical mechanics is just fucking bullshit. Sir Galapon's way of teaching is so fucking boring it's insane I haven't dropped out of it yet.
03/18/25,11:06:20 AM,Anon,I'm sleepy as fuck boi.
03/18/25,12:25:59 PM,Anon,"Just after Physics 191, pretty aight."
03/18/25,01:04:34 PM,Anon,"starting Physics programming lab again, is exciting"
03/18/25,06:26:00 PM,Jeiru,Mama mo
03/18/25,11:29:53 PM,Silver,"Not a lot of things can be said to me today. Nadia came over me while I was waiting for a jeep and showed a goat with bangs. Then immediately left. After two months of no contact, that's, well, wow, woman. Fucking insane. I think it's only a matter of time before she begins to crack. This is interesting, to say the least. Very interesting."
03/20/25,09:08:02 PM,Anon,"I know this may sound unkind, but I have been very unsatisfied with this life that I have lived. I could have been better, could have soared higher. I had more potential. I was promised the world. I... was a genius in the mind of a child, at least that was what they told me. And look at me now, unnaccomplished, broke, and have nothing to live for.I have failed myself. I have failed what I should be. Is it really my decisions, or is there no free will? If I can go back, can I do better. Are the roads really fit to be traversed at once? Certain decisions that I did. What if I never joined a fraternity. What if I kept to Nadia's words and not treat her like a princess that she is. The singular events that happen that seem out of our control but really is. The what ifs, the road not taken. The life of regret. "
03/20/25,09:08:21 PM,Anon,Live life with no regrets.
03/20/25,09:09:28 PM,Anon,"I miss her. The curve of her body, her supple breasts, her light touch. I miss... it all. I miss her so much."
03/20/25,09:09:47 PM,Anon,"I'm so lost, my love."
03/27/25,03:00:18 PM,Anon,"Don't quite know what's gonna happen today. I'm a mess, I'm tired, I want to just end it. "
